{
  "result_count": 420,
  "results": [
    {
      "PlayerIDSID": 2571,
      "PlayerFirstName": "Leandro",
      "PlayerLastName": "Barbosa",
      "PlayerNumber": 19,
      "P": "G",
      "TeamIDSID": 1610612756,
      "TeamName": "Phoenix Suns",
      "TeamNameAbbreviation": "PHX",
      "TeamShortName": "Phoenix",
      "GP": 67,
      "Poss": 73,
      "Time": 15.904100418091,
      "Points": 92,
      "FGA": 59,
      "FGM": 37,
      "PPP": 1.2602699995041,
      "WorsePPP": 333,
      "BetterPPP": 93,
      "PossG": 1.089552238806,
      "PPG": 1.3731343283582,
      "FGAG": 0.88059701492537,
      "FGMG": 0.55223880597015,
      "FGmG": 0.32835820895522,
      "FGm": 22,
      "FG": 62.71186440678,
      "aFG": 66.949152542373,
      "FT": 13.698630136986,
      "TO": 12.328767123288,
      "SF": 9.5890410958904,
      "PlusOne": 6.8493150684932,
      "Score": 57.534246575342,
      "name": "Offensive",
      "season": 2016,
      "seasonType": "Reg"
    },
    {
      "PlayerIDSID": 101112,
      "PlayerFirstName": "Channing",
      "PlayerLastName": "Frye",
      "PlayerNumber": 8,
      "P": "F-C",
      "TeamIDSID": 1610612739,
      "TeamName": "Cleveland Cavaliers",
      "TeamNameAbbreviation": "CLE",
      "TeamShortName": "Cleveland",
      "GP": 74,
      "Poss": 62,
      "Time": 10.230999946594,
      "Points": 71,
      "FGA": 59,
      "FGM": 25,
      "PPP": 1.1451599597931,
      "WorsePPP": 260,
      "BetterPPP": 165,
      "PossG": 0.83783783783784,
      "PPG": 0.95945945945946,
      "FGAG": 0.7972972972973,
      "FGMG": 0.33783783783784,
      "FGmG": 0.45945945945946,
      "FGm": 34,
      "FG": 42.372881355932,
      "aFG": 58.474576271186,
      "FT": 1.6129032258065,
      "TO": 3.2258064516129,
      "SF": 1.6129032258065,
      "PlusOne": 0,
      "Score": 41.935483870968,
      "name": "Offensive",
      "season": 2016,
      "seasonType": "Reg"
    },
    {
      "PlayerIDSID": 202718,
      "PlayerFirstName": "Chandler",
      "PlayerLastName": "Parsons",
      "PlayerNumber": 25,
      "P": "F",
      "TeamIDSID": 1610612763,
      "TeamName": "Memphis Grizzlies",
      "TeamNameAbbreviation": "MEM",
      "TeamShortName": "Memphis",
      "GP": 34,
      "Poss": 31,
      "Time": 11.698100090027,
      "Points": 41,
      "FGA": 26,
      "FGM": 15,
      "PPP": 1.3225799798965,
      "WorsePPP": 376,
      "BetterPPP": 50,
      "PossG": 0.91176470588235,
      "PPG": 1.2058823529412,
      "FGAG": 0.76470588235294,
      "FGMG": 0.44117647058824,
      "FGmG": 0.32352941176471,
      "FGm": 11,
      "FG": 57.692307692308,
      "aFG": 65.384615384615,
      "FT": 12.903225806452,
      "TO": 3.2258064516129,
      "SF": 12.903225806452,
      "PlusOne": 0,
      "Score": 61.290322580645,
      "name": "Offensive",
      "season": 2016,
      "seasonType": "Reg"
    },
    {
      "PlayerIDSID": 203962,
      "PlayerFirstName": "Josh",
      "PlayerLastName": "Huestis",
      "PlayerNumber": 34,
      "P": "F",
      "TeamIDSID": 1610612760,
      "TeamName": "Oklahoma City Thunder",
      "TeamNameAbbreviation": "OKC",
      "TeamShortName": "OklahomaCity",
      "GP": 2,
      "Poss": 1,
      "Time": 9.0909099578857,
      "Points": 2,
      "FGA": 1,
      "FGM": 1,
      "PPP": 2,
      "WorsePPP": 0,
      "BetterPPP": 0,
      "PossG": 0.5,
      "PPG": 1,
      "FGAG": 0.5,
      "FGMG": 0.5,
      "FGmG": 0,
      "FGm": 0,
      "FG": 100,
      "aFG": 100,
      "FT": 0,
      "TO": 0,
      "SF": 0,
      "PlusOne": 0,
      "Score": 100,
      "name": "Offensive",
      "season": 2016,
      "seasonType": "Reg"
    },
    {
      "PlayerIDSID": 1626253,
      "PlayerFirstName": "Axel",
      "PlayerLastName": "Toupane",
      "PlayerNumber": 10,
      "P": "",
      "TeamIDSID": 1610612740,
      "TeamName": "New Orleans Pelicans",
      "TeamNameAbbreviation": "NOP",
      "TeamShortName": "NewOrleans",
      "GP": 2,
      "Poss": 2,
      "Time": 25,
      "Points": 4,
      "FGA": 2,
      "FGM": 2,
      "PPP": 2,
      "WorsePPP": 0,
      "BetterPPP": 0,
      "PossG": 1,
      "PPG": 2,
      "FGAG": 1,
      "FGMG": 1,
      "FGmG": 0,
      "FGm": 0,
      "FG": 100,
      "aFG": 100,
      "FT": 0,
      "TO": 0,
      "SF": 0,
      "PlusOne": 0,
      "Score": 100,
      "name": "Offensive",
      "season": 2016,
      "seasonType": "Reg"
    },
    {
      "PlayerIDSID": 2563,
      "PlayerFirstName": "Dahntay",
      "PlayerLastName": "Jones",
      "PlayerNumber": 30,
      "P": "F",
      "TeamIDSID": 1610612739,
      "TeamName": "Cleveland Cavaliers",
      "TeamNameAbbreviation": "CLE",
      "TeamShortName": "Cleveland",
      "GP": 1,
      "Poss": 1,
      "Time": 10,
      "Points": 3,
      "FGA": 1,
      "FGM": 1,
      "PPP": 3,
      "WorsePPP": 0,
      "BetterPPP": 0,
      "PossG": 1,
      "PPG": 3,
      "FGAG": 1,
      "FGMG": 1,
      "FGmG": 0,
      "FGm": 0,
      "FG": 100,
      "aFG": 100,
      "FT": 100,
      "TO": 0,
      "SF": 100,
      "PlusOne": 100,
      "Score": 100,
      "name": "Offensive",
      "season": 2016,
      "seasonType": "Reg"
    },
    {
      "PlayerIDSID": 203148,
      "PlayerFirstName": "Brian",
      "PlayerLastName": "Roberts",
      "PlayerNumber": 22,
      "P": "G",
      "TeamIDSID": 1610612766,
      "TeamName": "Charlotte Hornets",
      "TeamNameAbbreviation": "CHA",
      "TeamShortName": "Charlotte",
      "GP": 41,
      "Poss": 15,
      "Time": 9.0909099578857,
      "Points": 14,
      "FGA": 11,
      "FGM": 3,
      "PPP": 0.93333297967911,
      "WorsePPP": 93,
      "BetterPPP": 333,
      "PossG": 0.36585365853659,
      "PPG": 0.34146341463415,
      "FGAG": 0.26829268292683,
      "FGMG": 0.073170731707317,
      "FGmG": 0.19512195121951,
      "FGm": 8,
      "FG": 27.272727272727,
      "aFG": 31.818181818182,
      "FT": 26.666666666667,
      "TO": 6.6666666666667,
      "SF": 26.666666666667,
      "PlusOne": 6.6666666666667,
      "Score": 40,
      "name": "Offensive",
      "season": 2016,
      "seasonType": "Reg"
    },
    {
      "PlayerIDSID": 1627778,
      "PlayerFirstName": "Chinanu",
      "PlayerLastName": "Onuaku",
      "PlayerNumber": 21,
      "P": "F",
      "TeamIDSID": 1610612745,
      "TeamName": "Houston Rockets",
      "TeamNameAbbreviation": "HOU",
      "TeamShortName": "Houston",
      "GP": 5,
      "Poss": 1,
      "Time": 7.6923098564148,
      "Points": 2,
      "FGA": 0,
      "FGM": 0,
      "PPP": 2,
      "WorsePPP": 0,
      "BetterPPP": 0,
      "PossG": 0.2,
      "PPG": 0.4,
      "FGAG": 0,
      "FGMG": 0,
      "FGmG": 0,
      "FGm": 0,
      "FG": 0,
      "aFG": 0,
      "FT": 100,
      "TO": 0,
      "SF": 100,
      "PlusOne": 0,
      "Score": 100,
      "name": "Offensive",
      "season": 2016,
      "seasonType": "Reg"
    },
    {
      "PlayerIDSID": 1627819,
      "PlayerFirstName": "Isaiah",
      "PlayerLastName": "Taylor",
      "PlayerNumber": 17,
      "P": "G",
      "TeamIDSID": 1610612745,
      "TeamName": "Houston Rockets",
      "TeamNameAbbreviation": "HOU",
      "TeamShortName": "Houston",
      "GP": 4,
      "Poss": 1,
      "Time": 12.5,
      "Points": 0,
      "FGA": 1,
      "FGM": 0,
      "PPP": 0,
      "WorsePPP": 0,
      "BetterPPP": 0,
      "PossG": 0.25,
      "PPG": 0,
      "FGAG": 0.25,
      "FGMG": 0,
      "FGmG": 0.25,
      "FGm": 1,
      "FG": 0,
      "aFG": 0,
      "FT": 0,
      "TO": 0,
      "SF": 0,
      "PlusOne": 0,
      "Score": 0,
      "name": "Offensive",
      "season": 2016,
      "seasonType": "Reg"
    },
    {
      "PlayerIDSID": 1627784,
      "PlayerFirstName": "Jarrod",
      "PlayerLastName": "Uthoff",
      "PlayerNumber": 19,
      "P": "F",
      "TeamIDSID": 1610612742,
      "TeamName": "Dallas Mavericks",
      "TeamNameAbbreviation": "DAL",
      "TeamShortName": "Dallas",
      "GP": 9,
      "Poss": 5,
      "Time": 11.363599777222,
      "Points": 6,