{
  "result_count": 771,
  "results": [
    {
      "PlayerIDSID": 202718,
      "PlayerFirstName": "Chandler",
      "PlayerLastName": "Parsons",
      "PlayerNumber": 25,
      "P": "F",
      "TeamIDSID": 1610612763,
      "TeamName": "Memphis Grizzlies",
      "TeamNameAbbreviation": "MEM",
      "TeamShortName": "Memphis",
      "GP": 34,
      "Poss": 1,
      "Time": 0.56818199157715,
      "Points": 0,
      "FGA": 1,
      "FGM": 0,
      "PPP": 0,
      "WorsePPP": 0,
      "BetterPPP": 0,
      "PossG": 0.029411764705882,
      "PPG": 0,
      "FGAG": 0.029411764705882,
      "FGMG": 0,
      "FGmG": 0.029411764705882,
      "FGm": 1,
      "FG": 0,
      "aFG": 0,
      "FT": 0,
      "TO": 0,
      "SF": 0,
      "PlusOne": 0,
      "Score": 0,
      "name": "Defensive",
      "season": 2016,
      "seasonType": "Reg"
    },
    {
      "PlayerIDSID": 2571,
      "PlayerFirstName": "Leandro",
      "PlayerLastName": "Barbosa",
      "PlayerNumber": 19,
      "P": "G",
      "TeamIDSID": 1610612756,
      "TeamName": "Phoenix Suns",
      "TeamNameAbbreviation": "PHX",
      "TeamShortName": "Phoenix",
      "GP": 67,
      "Poss": 4,
      "Time": 1.5625,
      "Points": 7,
      "FGA": 2,
      "FGM": 2,
      "PPP": 1.75,
      "WorsePPP": 0,
      "BetterPPP": 0,
      "PossG": 0.059701492537313,
      "PPG": 0.1044776119403,
      "FGAG": 0.029850746268657,
      "FGMG": 0.029850746268657,
      "FGmG": 0,
      "FGm": 0,
      "FG": 100,
      "aFG": 100,
      "FT": 75,
      "TO": 0,
      "SF": 75,
      "PlusOne": 25,
      "Score": 100,
      "name": "Defensive",
      "season": 2016,
      "seasonType": "Reg"
    },
    {
      "PlayerIDSID": 101112,
      "PlayerFirstName": "Channing",
      "PlayerLastName": "Frye",
      "PlayerNumber": 8,
      "P": "F-C",
      "TeamIDSID": 1610612739,
      "TeamName": "Cleveland Cavaliers",
      "TeamNameAbbreviation": "CLE",
      "TeamShortName": "Cleveland",
      "GP": 74,
      "Poss": 42,
      "Time": 5.9321999549866,
      "Points": 49,
      "FGA": 38,
      "FGM": 18,
      "PPP": 1.1666699647903,
      "WorsePPP": 39,
      "BetterPPP": 251,
      "PossG": 0.56756756756757,
      "PPG": 0.66216216216216,
      "FGAG": 0.51351351351351,
      "FGMG": 0.24324324324324,
      "FGmG": 0.27027027027027,
      "FGm": 20,
      "FG": 47.368421052632,
      "aFG": 53.947368421053,
      "FT": 11.904761904762,
      "TO": 0,
      "SF": 11.904761904762,
      "PlusOne": 2.3809523809524,
      "Score": 52.380952380952,
      "name": "Defensive",
      "season": 2016,
      "seasonType": "Reg"
    },
    {
      "PlayerIDSID": 2571,
      "PlayerFirstName": "Leandro",
      "PlayerLastName": "Barbosa",
      "PlayerNumber": 19,
      "P": "G",
      "TeamIDSID": 1610612756,
      "TeamName": "Phoenix Suns",
      "TeamNameAbbreviation": "PHX",
      "TeamShortName": "Phoenix",
      "GP": 67,
      "Poss": 1,
      "Time": 0.21786500513554,
      "Points": 3,
      "FGA": 1,
      "FGM": 1,
      "PPP": 3,
      "WorsePPP": 0,
      "BetterPPP": 0,
      "PossG": 0.014925373134328,
      "PPG": 0.044776119402985,
      "FGAG": 0.014925373134328,
      "FGMG": 0.014925373134328,
      "FGmG": 0,
      "FGm": 0,
      "FG": 100,
      "aFG": 150,
      "FT": 0,
      "TO": 0,
      "SF": 0,
      "PlusOne": 0,
      "Score": 100,
      "name": "Offensive",
      "season": 2016,
      "seasonType": "Reg"
    },
    {
      "PlayerIDSID": 202718,
      "PlayerFirstName": "Chandler",
      "PlayerLastName": "Parsons",
      "PlayerNumber": 25,
      "P": "F",
      "TeamIDSID": 1610612763,
      "TeamName": "Memphis Grizzlies",
      "TeamNameAbbreviation": "MEM",
      "TeamShortName": "Memphis",
      "GP": 34,
      "Poss": 1,
      "Time": 0.37735798954964,
      "Points": 2,
      "FGA": 1,
      "FGM": 1,
      "PPP": 2,
      "WorsePPP": 0,
      "BetterPPP": 0,
      "PossG": 0.029411764705882,
      "PPG": 0.058823529411765,
      "FGAG": 0.029411764705882,
      "FGMG": 0.029411764705882,
      "FGmG": 0,
      "FGm": 0,
      "FG": 100,
      "aFG": 100,
      "FT": 100,
      "TO": 0,
      "SF": 100,
      "PlusOne": 100,
      "Score": 100,
      "name": "Offensive",
      "season": 2016,
      "seasonType": "Reg"
    },
    {
      "PlayerIDSID": 1626254,
      "PlayerFirstName": "Maurice",
      "PlayerLastName": "Ndour",
      "PlayerNumber": 2,
      "P": "F",
      "TeamIDSID": 1610612752,
      "TeamName": "New York Knicks",
      "TeamNameAbbreviation": "NYK",
      "TeamShortName": "NewYork",
      "GP": 33,
      "Poss": 3,
      "Time": 2.7026998996735,
      "Points": 5,
      "FGA": 3,
      "FGM": 2,
      "PPP": 1.6666699647903,
      "WorsePPP": 0,
      "BetterPPP": 0,
      "PossG": 0.090909090909091,
      "PPG": 0.15151515151515,
      "FGAG": 0.090909090909091,
      "FGMG": 0.060606060606061,
      "FGmG": 0.03030303030303,
      "FGm": 1,
      "FG": 66.666666666667,
      "aFG": 66.666666666667,
      "FT": 33.333333333333,
      "TO": 0,
      "SF": 33.333333333333,
      "PlusOne": 33.333333333333,
      "Score": 66.666666666667,
      "name": "Offensive",
      "season": 2016,
      "seasonType": "Reg"
    },
    {
      "PlayerIDSID": 1628021,
      "PlayerFirstName": "David",
      "PlayerLastName": "Nwaba",
      "PlayerNumber": 10,
      "P": "",
      "TeamIDSID": 1610612747,
      "TeamName": "Los Angeles Lakers",
      "TeamNameAbbreviation": "LAL",
      "TeamShortName": "LALakers",
      "GP": 20,
      "Poss": 1,
      "Time": 0.91743099689484,
      "Points": 0,
      "FGA": 1,
      "FGM": 0,
      "PPP": 0,
      "WorsePPP": 0,
      "BetterPPP": 0,
      "PossG": 0.05,
      "PPG": 0,
      "FGAG": 0.05,
      "FGMG": 0,
      "FGmG": 0.05,
      "FGm": 1,
      "FG": 0,
      "aFG": 0,
      "FT": 0,
      "TO": 0,
      "SF": 0,
      "PlusOne": 0,
      "Score": 0,
      "name": "Offensive",
      "season": 2016,
      "seasonType": "Reg"
    },
    {
      "PlayerIDSID": 202711,
      "PlayerFirstName": "Bojan",
      "PlayerLastName": "Bogdanovic",
      "PlayerNumber": 44,
      "P": "F",
      "TeamIDSID": 1610612764,
      "TeamName": "Washington Wizards",
      "TeamNameAbbreviation": "WAS",
      "TeamShortName": "Washington",
      "GP": 26,
      "Poss": 1,
      "Time": 0.3289470076561,
      "Points": 0,
      "FGA": 1,
      "FGM": 0,
      "PPP": 0,
      "WorsePPP": 0,
      "BetterPPP": 0,
      "PossG": 0.038461538461538,
      "PPG": 0,
      "FGAG": 0.038461538461538,
      "FGMG": 0,
      "FGmG": 0.038461538461538,
      "FGm": 1,
      "FG": 0,
      "aFG": 0,
      "FT": 0,
      "TO": 0,
      "SF": 0,
      "PlusOne": 0,
      "Score": 0,
      "name": "Offensive",
      "season": 2016,
      "seasonType": "Reg"
    },
    {
      "PlayerIDSID": 203962,
      "PlayerFirstName": "Josh",
      "PlayerLastName": "Huestis",
      "PlayerNumber": 34,
      "P": "F",
      "TeamIDSID": 1610612760,
      "TeamName": "Oklahoma City Thunder",
      "TeamNameAbbreviation": "OKC",
      "TeamShortName": "OklahomaCity",
      "GP": 2,
      "Poss": 1,
      "Time": 9.0909099578857,
      "Points": 0,
      "FGA": 1,
      "FGM": 0,
      "PPP": 0,
      "WorsePPP": 0,
      "BetterPPP": 0,
      "PossG": 0.5,
      "PPG": 0,
      "FGAG": 0.5,
      "FGMG": 0,
      "FGmG": 0.5,
      "FGm": 1,
      "FG": 0,
      "aFG": 0,
      "FT": 0,
      "TO": 0,
      "SF": 0,
      "PlusOne": 0,
      "Score": 0,
      "name": "Offensive",
      "season": 2016,
      "seasonType": "Reg"
    },
    {
      "PlayerIDSID": 203148,
      "PlayerFirstName": "Brian",
      "PlayerLastName": "Roberts",
      "PlayerNumber": 22,
      "P": "G",
      "TeamIDSID": 1610612766,
      "TeamName": "Charlotte Hornets",
      "TeamNameAbbreviation": "CHA",
      "TeamShortName": "Charlotte",
      "GP": 41,
      "Poss": 6,
      "Time": 4.3165497779846,
      "Points": 6,
      "FGA": 6,
      "FGM": 2,
      "PPP": 1,
      "WorsePPP": 0,