{
  "result_count": 778,
  "results": [
    {
      "PlayerIDSID": 101112,
      "PlayerFirstName": "Channing",
      "PlayerLastName": "Frye",
      "PlayerNumber": 8,
      "P": "F-C",
      "TeamIDSID": 1610612739,
      "TeamName": "Cleveland Cavaliers",
      "TeamNameAbbreviation": "CLE",
      "TeamShortName": "Cleveland",
      "GP": 74,
      "Poss": 38,
      "Time": 6.2706298828125,
      "Points": 37,
      "FGA": 37,
      "FGM": 13,
      "PPP": 0.97368401288986,
      "WorsePPP": 150,
      "BetterPPP": 103,
      "PossG": 0.51351351351351,
      "PPG": 0.5,
      "FGAG": 0.5,
      "FGMG": 0.17567567567568,
      "FGmG": 0.32432432432432,
      "FGm": 24,
      "FG": 35.135135135135,
      "aFG": 50,
      "FT": 2.6315789473684,
      "TO": 0,
      "SF": 0,
      "PlusOne": 0,
      "Score": 34.210526315789,
      "name": "Offensive",
      "season": 2016,
      "seasonType": "Reg"
    },
    {
      "PlayerIDSID": 2571,
      "PlayerFirstName": "Leandro",
      "PlayerLastName": "Barbosa",
      "PlayerNumber": 19,
      "P": "G",
      "TeamIDSID": 1610612756,
      "TeamName": "Phoenix Suns",
      "TeamNameAbbreviation": "PHX",
      "TeamShortName": "Phoenix",
      "GP": 67,
      "Poss": 28,
      "Time": 6.1002202033997,
      "Points": 28,
      "FGA": 27,
      "FGM": 11,
      "PPP": 1,
      "WorsePPP": 158,
      "BetterPPP": 76,
      "PossG": 0.41791044776119,
      "PPG": 0.41791044776119,
      "FGAG": 0.40298507462687,
      "FGMG": 0.16417910447761,
      "FGmG": 0.23880597014925,
      "FGm": 16,
      "FG": 40.740740740741,
      "aFG": 48.148148148148,
      "FT": 3.5714285714286,
      "TO": 0,
      "SF": 3.5714285714286,
      "PlusOne": 0,
      "Score": 42.857142857143,
      "name": "Offensive",
      "season": 2016,
      "seasonType": "Reg"
    },
    {
      "PlayerIDSID": 202718,
      "PlayerFirstName": "Chandler",
      "PlayerLastName": "Parsons",
      "PlayerNumber": 25,
      "P": "F",
      "TeamIDSID": 1610612763,
      "TeamName": "Memphis Grizzlies",
      "TeamNameAbbreviation": "MEM",
      "TeamShortName": "Memphis",
      "GP": 34,
      "Poss": 25,
      "Time": 9.4339599609375,
      "Points": 20,
      "FGA": 22,
      "FGM": 8,
      "PPP": 0.80000001192093,
      "WorsePPP": 75,
      "BetterPPP": 177,
      "PossG": 0.73529411764706,
      "PPG": 0.58823529411765,
      "FGAG": 0.64705882352941,
      "FGMG": 0.23529411764706,
      "FGmG": 0.41176470588235,
      "FGm": 14,
      "FG": 36.363636363636,
      "aFG": 40.909090909091,
      "FT": 4,
      "TO": 8,
      "SF": 4,
      "PlusOne": 0,
      "Score": 36,
      "name": "Offensive",
      "season": 2016,
      "seasonType": "Reg"
    },
    {
      "PlayerIDSID": 101112,
      "PlayerFirstName": "Channing",
      "PlayerLastName": "Frye",
      "PlayerNumber": 8,
      "P": "F-C",
      "TeamIDSID": 1610612739,
      "TeamName": "Cleveland Cavaliers",
      "TeamNameAbbreviation": "CLE",
      "TeamShortName": "Cleveland",
      "GP": 74,
      "Poss": 7,
      "Time": 0.98870098590851,
      "Points": 4,
      "FGA": 7,
      "FGM": 2,
      "PPP": 0.57142901420593,
      "WorsePPP": 0,
      "BetterPPP": 0,
      "PossG": 0.094594594594595,
      "PPG": 0.054054054054054,
      "FGAG": 0.094594594594595,
      "FGMG": 0.027027027027027,
      "FGmG": 0.067567567567568,
      "FGm": 5,
      "FG": 28.571428571429,
      "aFG": 28.571428571429,
      "FT": 0,
      "TO": 0,
      "SF": 0,
      "PlusOne": 0,
      "Score": 28.571428571429,
      "name": "Defensive",
      "season": 2016,
      "seasonType": "Reg"
    },
    {
      "PlayerIDSID": 202718,
      "PlayerFirstName": "Chandler",
      "PlayerLastName": "Parsons",
      "PlayerNumber": 25,
      "P": "F",
      "TeamIDSID": 1610612763,
      "TeamName": "Memphis Grizzlies",
      "TeamNameAbbreviation": "MEM",
      "TeamShortName": "Memphis",
      "GP": 34,
      "Poss": 12,
      "Time": 6.8181800842285,
      "Points": 13,
      "FGA": 11,
      "FGM": 5,
      "PPP": 1.0833300352097,
      "WorsePPP": 95,
      "BetterPPP": 248,
      "PossG": 0.35294117647059,
      "PPG": 0.38235294117647,
      "FGAG": 0.32352941176471,
      "FGMG": 0.14705882352941,
      "FGmG": 0.17647058823529,
      "FGm": 6,
      "FG": 45.454545454545,
      "aFG": 59.090909090909,
      "FT": 8.3333333333333,
      "TO": 8.3333333333333,
      "SF": 8.3333333333333,
      "PlusOne": 8.3333333333333,
      "Score": 41.666666666667,
      "name": "Defensive",
      "season": 2016,
      "seasonType": "Reg"
    },
    {
      "PlayerIDSID": 2571,
      "PlayerFirstName": "Leandro",
      "PlayerLastName": "Barbosa",
      "PlayerNumber": 19,
      "P": "G",
      "TeamIDSID": 1610612756,
      "TeamName": "Phoenix Suns",
      "TeamNameAbbreviation": "PHX",
      "TeamShortName": "Phoenix",
      "GP": 67,
      "Poss": 33,
      "Time": 12.890600204468,
      "Points": 39,
      "FGA": 24,
      "FGM": 11,
      "PPP": 1.1818200349808,
      "WorsePPP": 51,
      "BetterPPP": 294,
      "PossG": 0.49253731343284,
      "PPG": 0.58208955223881,
      "FGAG": 0.35820895522388,
      "FGMG": 0.16417910447761,
      "FGmG": 0.19402985074627,
      "FGm": 13,
      "FG": 45.833333333333,
      "aFG": 52.083333333333,
      "FT": 24.242424242424,
      "TO": 6.0606060606061,
      "SF": 18.181818181818,
      "PlusOne": 3.030303030303,
      "Score": 54.545454545455,
      "name": "Defensive",
      "season": 2016,
      "seasonType": "Reg"
    },
    {
      "PlayerIDSID": 1626254,
      "PlayerFirstName": "Maurice",
      "PlayerLastName": "Ndour",
      "PlayerNumber": 2,
      "P": "F",
      "TeamIDSID": 1610612752,
      "TeamName": "New York Knicks",
      "TeamNameAbbreviation": "NYK",
      "TeamShortName": "NewYork",
      "GP": 33,
      "Poss": 2,
      "Time": 1.8018000125885,
      "Points": 0,
      "FGA": 2,
      "FGM": 0,
      "PPP": 0,
      "WorsePPP": 0,
      "BetterPPP": 0,
      "PossG": 0.060606060606061,
      "PPG": 0,
      "FGAG": 0.060606060606061,
      "FGMG": 0,
      "FGmG": 0.060606060606061,
      "FGm": 2,
      "FG": 0,
      "aFG": 0,
      "FT": 0,
      "TO": 0,
      "SF": 0,
      "PlusOne": 0,
      "Score": 0,
      "name": "Offensive",
      "season": 2016,
      "seasonType": "Reg"
    },
    {
      "PlayerIDSID": 1627816,
      "PlayerFirstName": "Alex",
      "PlayerLastName": "Poythress",
      "PlayerNumber": 5,
      "P": "",
      "TeamIDSID": 1610612755,
      "TeamName": "Philadelphia 76ers",
      "TeamNameAbbreviation": "PHI",
      "TeamShortName": "Philadelphia",
      "GP": 6,
      "Poss": 2,
      "Time": 5,
      "Points": 0,
      "FGA": 2,
      "FGM": 0,
      "PPP": 0,
      "WorsePPP": 0,
      "BetterPPP": 0,
      "PossG": 0.33333333333333,
      "PPG": 0,
      "FGAG": 0.33333333333333,
      "FGMG": 0,
      "FGmG": 0.33333333333333,
      "FGm": 2,
      "FG": 0,
      "aFG": 0,
      "FT": 0,
      "TO": 0,
      "SF": 0,
      "PlusOne": 0,
      "Score": 0,
      "name": "Defensive",
      "season": 2016,
      "seasonType": "Reg"
    },
    {
      "PlayerIDSID": 1626254,
      "PlayerFirstName": "Maurice",
      "PlayerLastName": "Ndour",
      "PlayerNumber": 2,
      "P": "F",
      "TeamIDSID": 1610612752,
      "TeamName": "New York Knicks",
      "TeamNameAbbreviation": "NYK",
      "TeamShortName": "NewYork",
      "GP": 33,
      "Poss": 4,
      "Time": 3.603600025177,
      "Points": 1,
      "FGA": 3,
      "FGM": 0,
      "PPP": 0.25,
      "WorsePPP": 0,
      "BetterPPP": 0,
      "PossG": 0.12121212121212,
      "PPG": 0.03030303030303,
      "FGAG": 0.090909090909091,
      "FGMG": 0,
      "FGmG": 0.090909090909091,
      "FGm": 3,
      "FG": 0,
      "aFG": 0,
      "FT": 25,
      "TO": 0,
      "SF": 25,
      "PlusOne": 0,
      "Score": 25,
      "name": "Defensive",
      "season": 2016,
      "seasonType": "Reg"
    },
    {
      "PlayerIDSID": 203962,