{
  "result_count": 835,
  "results": [
    {
      "PlayerIDSID": 202718,
      "PlayerFirstName": "Chandler",
      "PlayerLastName": "Parsons",
      "PlayerNumber": 25,
      "P": "F",
      "TeamIDSID": 1610612763,
      "TeamName": "Memphis Grizzlies",
      "TeamNameAbbreviation": "MEM",
      "TeamShortName": "Memphis",
      "GP": 34,
      "Poss": 88,
      "Time": 33.207500457764,
      "Points": 71,
      "FGA": 79,
      "FGM": 23,
      "PPP": 0.80681800842285,
      "WorsePPP": 89,
      "BetterPPP": 347,
      "PossG": 2.5882352941176,
      "PPG": 2.0882352941176,
      "FGAG": 2.3235294117647,
      "FGMG": 0.67647058823529,
      "FGmG": 1.6470588235294,
      "FGm": 56,
      "FG": 29.113924050633,
      "aFG": 36.708860759494,
      "FT": 7.9545454545455,
      "TO": 2.2727272727273,
      "SF": 6.8181818181818,
      "PlusOne": 0,
      "Score": 34.090909090909,
      "name": "Offensive",
      "season": 2016,
      "seasonType": "Reg"
    },
    {
      "PlayerIDSID": 2571,
      "PlayerFirstName": "Leandro",
      "PlayerLastName": "Barbosa",
      "PlayerNumber": 19,
      "P": "G",
      "TeamIDSID": 1610612756,
      "TeamName": "Phoenix Suns",
      "TeamNameAbbreviation": "PHX",
      "TeamShortName": "Phoenix",
      "GP": 67,
      "Poss": 39,
      "Time": 15.234399795532,
      "Points": 48,
      "FGA": 36,
      "FGM": 17,
      "PPP": 1.2307699918747,
      "WorsePPP": 34,
      "BetterPPP": 426,
      "PossG": 0.58208955223881,
      "PPG": 0.71641791044776,
      "FGAG": 0.53731343283582,
      "FGMG": 0.25373134328358,
      "FGmG": 0.28358208955224,
      "FGm": 19,
      "FG": 47.222222222222,
      "aFG": 62.5,
      "FT": 5.1282051282051,
      "TO": 5.1282051282051,
      "SF": 5.1282051282051,
      "PlusOne": 2.5641025641026,
      "Score": 46.153846153846,
      "name": "Defensive",
      "season": 2016,
      "seasonType": "Reg"
    },
    {
      "PlayerIDSID": 202718,
      "PlayerFirstName": "Chandler",
      "PlayerLastName": "Parsons",
      "PlayerNumber": 25,
      "P": "F",
      "TeamIDSID": 1610612763,
      "TeamName": "Memphis Grizzlies",
      "TeamNameAbbreviation": "MEM",
      "TeamShortName": "Memphis",
      "GP": 34,
      "Poss": 64,
      "Time": 36.36360168457,
      "Points": 74,
      "FGA": 54,
      "FGM": 25,
      "PPP": 1.15625,
      "WorsePPP": 68,
      "BetterPPP": 392,
      "PossG": 1.8823529411765,
      "PPG": 2.1764705882353,
      "FGAG": 1.5882352941176,
      "FGMG": 0.73529411764706,
      "FGmG": 0.85294117647059,
      "FGm": 29,
      "FG": 46.296296296296,
      "aFG": 62.037037037037,
      "FT": 6.25,
      "TO": 10.9375,
      "SF": 6.25,
      "PlusOne": 1.5625,
      "Score": 43.75,
      "name": "Defensive",
      "season": 2016,
      "seasonType": "Reg"
    },
    {
      "PlayerIDSID": 101112,
      "PlayerFirstName": "Channing",
      "PlayerLastName": "Frye",
      "PlayerNumber": 8,
      "P": "F-C",
      "TeamIDSID": 1610612739,
      "TeamName": "Cleveland Cavaliers",
      "TeamNameAbbreviation": "CLE",
      "TeamShortName": "Cleveland",
      "GP": 74,
      "Poss": 241,
      "Time": 39.76900100708,
      "Points": 307,
      "FGA": 232,
      "FGM": 109,
      "PPP": 1.2738599777222,
      "WorsePPP": 418,
      "BetterPPP": 18,
      "PossG": 3.2567567567568,
      "PPG": 4.1486486486486,
      "FGAG": 3.1351351351351,
      "FGMG": 1.472972972973,
      "FGmG": 1.6621621621622,
      "FGm": 123,
      "FG": 46.98275862069,
      "aFG": 65.086206896552,
      "FT": 0.8298755186722,
      "TO": 2.9045643153527,
      "SF": 0.8298755186722,
      "PlusOne": 0,
      "Score": 46.058091286307,
      "name": "Offensive",
      "season": 2016,
      "seasonType": "Reg"
    },
    {
      "PlayerIDSID": 2571,
      "PlayerFirstName": "Leandro",
      "PlayerLastName": "Barbosa",
      "PlayerNumber": 19,
      "P": "G",
      "TeamIDSID": 1610612756,
      "TeamName": "Phoenix Suns",
      "TeamNameAbbreviation": "PHX",
      "TeamShortName": "Phoenix",
      "GP": 67,
      "Poss": 88,
      "Time": 19.172100067139,
      "Points": 81,
      "FGA": 81,
      "FGM": 30,
      "PPP": 0.92045497894287,
      "WorsePPP": 176,
      "BetterPPP": 260,
      "PossG": 1.3134328358209,
      "PPG": 1.2089552238806,
      "FGAG": 1.2089552238806,
      "FGMG": 0.44776119402985,
      "FGmG": 0.76119402985075,
      "FGm": 51,
      "FG": 37.037037037037,
      "aFG": 47.530864197531,
      "FT": 2.2727272727273,
      "TO": 5.6818181818182,
      "SF": 1.1363636363636,
      "PlusOne": 0,
      "Score": 36.363636363636,
      "name": "Offensive",
      "season": 2016,
      "seasonType": "Reg"
    },
    {
      "PlayerIDSID": 203962,
      "PlayerFirstName": "Josh",
      "PlayerLastName": "Huestis",
      "PlayerNumber": 34,
      "P": "F",
      "TeamIDSID": 1610612760,
      "TeamName": "Oklahoma City Thunder",
      "TeamNameAbbreviation": "OKC",
      "TeamShortName": "OklahomaCity",
      "GP": 2,
      "Poss": 3,
      "Time": 27.272699356079,
      "Points": 6,
      "FGA": 3,
      "FGM": 2,
      "PPP": 2,
      "WorsePPP": 0,
      "BetterPPP": 0,
      "PossG": 1.5,
      "PPG": 3,
      "FGAG": 1.5,
      "FGMG": 1,
      "FGmG": 0.5,
      "FGm": 1,
      "FG": 66.666666666667,
      "aFG": 100,
      "FT": 0,
      "TO": 0,
      "SF": 0,
      "PlusOne": 0,
      "Score": 66.666666666667,
      "name": "Offensive",
      "season": 2016,
      "seasonType": "Reg"
    },
    {
      "PlayerIDSID": 2563,
      "PlayerFirstName": "Dahntay",
      "PlayerLastName": "Jones",
      "PlayerNumber": 30,
      "P": "F",
      "TeamIDSID": 1610612739,
      "TeamName": "Cleveland Cavaliers",
      "TeamNameAbbreviation": "CLE",
      "TeamShortName": "Cleveland",
      "GP": 1,
      "Poss": 5,
      "Time": 50,
      "Points": 4,
      "FGA": 4,
      "FGM": 1,
      "PPP": 0.80000001192093,
      "WorsePPP": 0,
      "BetterPPP": 0,
      "PossG": 5,
      "PPG": 4,
      "FGAG": 4,
      "FGMG": 1,
      "FGmG": 3,
      "FGm": 3,
      "FG": 25,
      "aFG": 25,
      "FT": 40,
      "TO": 0,
      "SF": 40,
      "PlusOne": 20,
      "Score": 40,
      "name": "Offensive",
      "season": 2016,
      "seasonType": "Reg"
    },
    {
      "PlayerIDSID": 204002,
      "PlayerFirstName": "Edy",
      "PlayerLastName": "Tavares",
      "PlayerNumber": 40,
      "P": "",
      "TeamIDSID": 1610612739,
      "TeamName": "Cleveland Cavaliers",
      "TeamNameAbbreviation": "CLE",
      "TeamShortName": "Cleveland",
      "GP": 1,
      "Poss": 1,
      "Time": 7.1428599357605,
      "Points": 0,
      "FGA": 1,
      "FGM": 0,
      "PPP": 0,
      "WorsePPP": 0,
      "BetterPPP": 0,
      "PossG": 1,
      "PPG": 0,
      "FGAG": 1,
      "FGMG": 0,
      "FGmG": 1,
      "FGm": 1,
      "FG": 0,
      "aFG": 0,
      "FT": 0,
      "TO": 0,
      "SF": 0,
      "PlusOne": 0,
      "Score": 0,
      "name": "Defensive",
      "season": 2016,
      "seasonType": "Reg"
    },
    {
      "PlayerIDSID": 203962,
      "PlayerFirstName": "Josh",
      "PlayerLastName": "Huestis",
      "PlayerNumber": 34,
      "P": "F",
      "TeamIDSID": 1610612760,
      "TeamName": "Oklahoma City Thunder",
      "TeamNameAbbreviation": "OKC",
      "TeamShortName": "OklahomaCity",
      "GP": 2,
      "Poss": 7,
      "Time": 53.846199035645,
      "Points": 0,
      "FGA": 7,
      "FGM": 0,
      "PPP": 0,
      "WorsePPP": 0,
      "BetterPPP": 0,
      "PossG": 3.5,
      "PPG": 0,
      "FGAG": 3.5,
      "FGMG": 0,
      "FGmG": 3.5,
      "FGm": 7,
      "FG": 0,
      "aFG": 0,
      "FT": 0,
      "TO": 0,
      "SF": 0,
      "PlusOne": 0,
      "Score": 0,
      "name": "Defensive",
      "season": 2016,
      "seasonType": "Reg"
    },
    {
      "PlayerIDSID": 1626253,
      "PlayerFirstName": "Axel",
      "PlayerLastName": "Toupane",
      "PlayerNumber": 10,
      "P": "",
      "TeamIDSID": 1610612740,
      "TeamName": "New Orleans Pelicans",