{
  "result_count": 434,
  "results": [
    {
      "PlayerIDSID": 202718,
      "PlayerFirstName": "Chandler",
      "PlayerLastName": "Parsons",
      "PlayerNumber": 25,
      "P": "F",
      "TeamIDSID": 1610612763,
      "TeamName": "Memphis Grizzlies",
      "TeamNameAbbreviation": "MEM",
      "TeamShortName": "Memphis",
      "GP": 34,
      "Poss": 9,
      "Time": 3.3962299823761,
      "Points": 14,
      "FGA": 9,
      "FGM": 7,
      "PPP": 1.5555599927902,
      "WorsePPP": 0,
      "BetterPPP": 0,
      "PossG": 0.26470588235294,
      "PPG": 0.41176470588235,
      "FGAG": 0.26470588235294,
      "FGMG": 0.20588235294118,
      "FGmG": 0.058823529411765,
      "FGm": 2,
      "FG": 77.777777777778,
      "aFG": 77.777777777778,
      "FT": 0,
      "TO": 0,
      "SF": 0,
      "PlusOne": 0,
      "Score": 77.777777777778,
      "name": "Offensive",
      "season": 2016,
      "seasonType": "Reg"
    },
    {
      "PlayerIDSID": 2571,
      "PlayerFirstName": "Leandro",
      "PlayerLastName": "Barbosa",
      "PlayerNumber": 19,
      "P": "G",
      "TeamIDSID": 1610612756,
      "TeamName": "Phoenix Suns",
      "TeamNameAbbreviation": "PHX",
      "TeamShortName": "Phoenix",
      "GP": 67,
      "Poss": 9,
      "Time": 1.9607800245285,
      "Points": 12,
      "FGA": 9,
      "FGM": 6,
      "PPP": 1.3333300352097,
      "WorsePPP": 0,
      "BetterPPP": 0,
      "PossG": 0.13432835820896,
      "PPG": 0.17910447761194,
      "FGAG": 0.13432835820896,
      "FGMG": 0.08955223880597,
      "FGmG": 0.044776119402985,
      "FGm": 3,
      "FG": 66.666666666667,
      "aFG": 66.666666666667,
      "FT": 0,
      "TO": 0,
      "SF": 0,
      "PlusOne": 0,
      "Score": 66.666666666667,
      "name": "Offensive",
      "season": 2016,
      "seasonType": "Reg"
    },
    {
      "PlayerIDSID": 203962,
      "PlayerFirstName": "Josh",
      "PlayerLastName": "Huestis",
      "PlayerNumber": 34,
      "P": "F",
      "TeamIDSID": 1610612760,
      "TeamName": "Oklahoma City Thunder",
      "TeamNameAbbreviation": "OKC",
      "TeamShortName": "OklahomaCity",
      "GP": 2,
      "Poss": 3,
      "Time": 27.272699356079,
      "Points": 4,
      "FGA": 3,
      "FGM": 2,
      "PPP": 1.3333300352097,
      "WorsePPP": 0,
      "BetterPPP": 0,
      "PossG": 1.5,
      "PPG": 2,
      "FGAG": 1.5,
      "FGMG": 1,
      "FGmG": 0.5,
      "FGm": 1,
      "FG": 66.666666666667,
      "aFG": 66.666666666667,
      "FT": 33.333333333333,
      "TO": 0,
      "SF": 33.333333333333,
      "PlusOne": 33.333333333333,
      "Score": 66.666666666667,
      "name": "Offensive",
      "season": 2016,
      "seasonType": "Reg"
    },
    {
      "PlayerIDSID": 204002,
      "PlayerFirstName": "Edy",
      "PlayerLastName": "Tavares",
      "PlayerNumber": 40,
      "P": "",
      "TeamIDSID": 1610612739,
      "TeamName": "Cleveland Cavaliers",
      "TeamNameAbbreviation": "CLE",
      "TeamShortName": "Cleveland",
      "GP": 1,
      "Poss": 1,
      "Time": 16.666700363159,
      "Points": 0,
      "FGA": 1,
      "FGM": 0,
      "PPP": 0,
      "WorsePPP": 0,
      "BetterPPP": 0,
      "PossG": 1,
      "PPG": 0,
      "FGAG": 1,
      "FGMG": 0,
      "FGmG": 1,
      "FGm": 1,
      "FG": 0,
      "aFG": 0,
      "FT": 0,
      "TO": 0,
      "SF": 0,
      "PlusOne": 0,
      "Score": 0,
      "name": "Offensive",
      "season": 2016,
      "seasonType": "Reg"
    },
    {
      "PlayerIDSID": 203148,
      "PlayerFirstName": "Brian",
      "PlayerLastName": "Roberts",
      "PlayerNumber": 22,
      "P": "G",
      "TeamIDSID": 1610612766,
      "TeamName": "Charlotte Hornets",
      "TeamNameAbbreviation": "CHA",
      "TeamShortName": "Charlotte",
      "GP": 41,
      "Poss": 8,
      "Time": 4.8484802246094,
      "Points": 10,
      "FGA": 6,
      "FGM": 4,
      "PPP": 1.25,
      "WorsePPP": 0,
      "BetterPPP": 0,
      "PossG": 0.19512195121951,
      "PPG": 0.24390243902439,
      "FGAG": 0.14634146341463,
      "FGMG": 0.097560975609756,
      "FGmG": 0.048780487804878,
      "FGm": 2,
      "FG": 66.666666666667,
      "aFG": 66.666666666667,
      "FT": 12.5,
      "TO": 12.5,
      "SF": 12.5,
      "PlusOne": 0,
      "Score": 62.5,
      "name": "Offensive",
      "season": 2016,
      "seasonType": "Reg"
    },
    {
      "PlayerIDSID": 1627778,
      "PlayerFirstName": "Chinanu",
      "PlayerLastName": "Onuaku",
      "PlayerNumber": 21,
      "P": "F",
      "TeamIDSID": 1610612745,
      "TeamName": "Houston Rockets",
      "TeamNameAbbreviation": "HOU",
      "TeamShortName": "Houston",
      "GP": 5,
      "Poss": 4,
      "Time": 30.769199371338,
      "Points": 4,
      "FGA": 3,
      "FGM": 2,
      "PPP": 1,
      "WorsePPP": 0,
      "BetterPPP": 0,
      "PossG": 0.8,
      "PPG": 0.8,
      "FGAG": 0.6,
      "FGMG": 0.4,
      "FGmG": 0.2,
      "FGm": 1,
      "FG": 66.666666666667,
      "aFG": 66.666666666667,
      "FT": 0,
      "TO": 25,
      "SF": 0,
      "PlusOne": 0,
      "Score": 50,
      "name": "Offensive",
      "season": 2016,
      "seasonType": "Reg"
    },
    {
      "PlayerIDSID": 202407,
      "PlayerFirstName": "Elijah",
      "PlayerLastName": "Millsap",
      "PlayerNumber": 22,
      "P": "",
      "TeamIDSID": 1610612756,
      "TeamName": "Phoenix Suns",
      "TeamNameAbbreviation": "PHX",
      "TeamShortName": "Phoenix",
      "GP": 2,
      "Poss": 1,
      "Time": 10,
      "Points": 0,
      "FGA": 1,
      "FGM": 0,
      "PPP": 0,
      "WorsePPP": 0,
      "BetterPPP": 0,
      "PossG": 0.5,
      "PPG": 0,
      "FGAG": 0.5,
      "FGMG": 0,
      "FGmG": 0.5,
      "FGm": 1,
      "FG": 0,
      "aFG": 0,
      "FT": 0,
      "TO": 0,
      "SF": 0,
      "PlusOne": 0,
      "Score": 0,
      "name": "Offensive",
      "season": 2016,
      "seasonType": "Reg"
    },
    {
      "PlayerIDSID": 1627784,
      "PlayerFirstName": "Jarrod",
      "PlayerLastName": "Uthoff",
      "PlayerNumber": 19,
      "P": "F",
      "TeamIDSID": 1610612742,
      "TeamName": "Dallas Mavericks",
      "TeamNameAbbreviation": "DAL",
      "TeamShortName": "Dallas",
      "GP": 9,
      "Poss": 7,
      "Time": 15.909099578857,
      "Points": 8,
      "FGA": 7,
      "FGM": 4,
      "PPP": 1.1428600549698,
      "WorsePPP": 0,
      "BetterPPP": 0,
      "PossG": 0.77777777777778,
      "PPG": 0.88888888888889,
      "FGAG": 0.77777777777778,
      "FGMG": 0.44444444444444,
      "FGmG": 0.33333333333333,
      "FGm": 3,
      "FG": 57.142857142857,
      "aFG": 57.142857142857,
      "FT": 0,
      "TO": 0,
      "SF": 0,
      "PlusOne": 0,
      "Score": 57.142857142857,
      "name": "Offensive",
      "season": 2016,
      "seasonType": "Reg"
    },
    {
      "PlayerIDSID": 1627875,
      "PlayerFirstName": "Marcus",
      "PlayerLastName": "Georges-Hunt",
      "PlayerNumber": 13,
      "P": "",
      "TeamIDSID": 1610612753,
      "TeamName": "Orlando Magic",
      "TeamNameAbbreviation": "ORL",
      "TeamShortName": "Orlando",
      "GP": 2,
      "Poss": 1,
      "Time": 14.28569984436,
      "Points": 2,
      "FGA": 1,
      "FGM": 1,
      "PPP": 2,
      "WorsePPP": 0,
      "BetterPPP": 0,
      "PossG": 0.5,
      "PPG": 1,
      "FGAG": 0.5,
      "FGMG": 0.5,
      "FGmG": 0,
      "FGm": 0,
      "FG": 100,
      "aFG": 100,
      "FT": 0,
      "TO": 0,
      "SF": 0,
      "PlusOne": 0,
      "Score": 100,
      "name": "Offensive",
      "season": 2016,
      "seasonType": "Reg"
    },
    {
      "PlayerIDSID": 1627780,
      "PlayerFirstName": "Gary",
      "PlayerLastName": "Payton II",
      "PlayerNumber": 0,
      "P": "",
      "TeamIDSID": 1610612749,
      "TeamName": "Milwaukee Bucks",
      "TeamNameAbbreviation": "MIL",
      "TeamShortName": "Milwaukee",
      "GP": 6,
      "Poss": 3,
      "Time": 8.8235301971436,
      "Points": 3,
      "FGA": 1,
      "FGM": 1,
      "PPP": 1,
      "WorsePPP": 0,
      "BetterPPP": 0,