{
  "result_count": 808,
  "results": [
    {
      "PlayerIDSID": 2571,
      "PlayerFirstName": "Leandro",
      "PlayerLastName": "Barbosa",
      "PlayerNumber": 19,
      "P": "G",
      "TeamIDSID": 1610612756,
      "TeamName": "Phoenix Suns",
      "TeamNameAbbreviation": "PHX",
      "TeamShortName": "Phoenix",
      "GP": 67,
      "Poss": 188,
      "Time": 40.958599090576,
      "Points": 139,
      "FGA": 159,
      "FGM": 64,
      "PPP": 0.73936200141907,
      "WorsePPP": 104,
      "BetterPPP": 183,
      "PossG": 2.8059701492537,
      "PPG": 2.0746268656716,
      "FGAG": 2.3731343283582,
      "FGMG": 0.95522388059701,
      "FGmG": 1.4179104477612,
      "FGm": 95,
      "FG": 40.251572327044,
      "aFG": 42.138364779874,
      "FT": 1.5957446808511,
      "TO": 13.829787234043,
      "SF": 1.5957446808511,
      "PlusOne": 0,
      "Score": 35.63829787234,
      "name": "Offensive",
      "season": 2016,
      "seasonType": "Reg"
    },
    {
      "PlayerIDSID": 202718,
      "PlayerFirstName": "Chandler",
      "PlayerLastName": "Parsons",
      "PlayerNumber": 25,
      "P": "F",
      "TeamIDSID": 1610612763,
      "TeamName": "Memphis Grizzlies",
      "TeamNameAbbreviation": "MEM",
      "TeamShortName": "Memphis",
      "GP": 34,
      "Poss": 48,
      "Time": 18.113199234009,
      "Points": 28,
      "FGA": 40,
      "FGM": 9,
      "PPP": 0.58333301544189,
      "WorsePPP": 42,
      "BetterPPP": 245,
      "PossG": 1.4117647058824,
      "PPG": 0.82352941176471,
      "FGAG": 1.1764705882353,
      "FGMG": 0.26470588235294,
      "FGmG": 0.91176470588235,
      "FGm": 31,
      "FG": 22.5,
      "aFG": 28.75,
      "FT": 4.1666666666667,
      "TO": 12.5,
      "SF": 4.1666666666667,
      "PlusOne": 0,
      "Score": 22.916666666667,
      "name": "Offensive",
      "season": 2016,
      "seasonType": "Reg"
    },
    {
      "PlayerIDSID": 101112,
      "PlayerFirstName": "Channing",
      "PlayerLastName": "Frye",
      "PlayerNumber": 8,
      "P": "F-C",
      "TeamIDSID": 1610612739,
      "TeamName": "Cleveland Cavaliers",
      "TeamNameAbbreviation": "CLE",
      "TeamShortName": "Cleveland",
      "GP": 74,
      "Poss": 1,
      "Time": 0.16501699388027,
      "Points": 2,
      "FGA": 1,
      "FGM": 1,
      "PPP": 2,
      "WorsePPP": 0,
      "BetterPPP": 0,
      "PossG": 0.013513513513514,
      "PPG": 0.027027027027027,
      "FGAG": 0.013513513513514,
      "FGMG": 0.013513513513514,
      "FGmG": 0,
      "FGm": 0,
      "FG": 100,
      "aFG": 100,
      "FT": 0,
      "TO": 0,
      "SF": 0,
      "PlusOne": 0,
      "Score": 100,
      "name": "Offensive",
      "season": 2016,
      "seasonType": "Reg"
    },
    {
      "PlayerIDSID": 101112,
      "PlayerFirstName": "Channing",
      "PlayerLastName": "Frye",
      "PlayerNumber": 8,
      "P": "F-C",
      "TeamIDSID": 1610612739,
      "TeamName": "Cleveland Cavaliers",
      "TeamNameAbbreviation": "CLE",
      "TeamShortName": "Cleveland",
      "GP": 74,
      "Poss": 6,
      "Time": 0.84745800495148,
      "Points": 0,
      "FGA": 4,
      "FGM": 0,
      "PPP": 0,
      "WorsePPP": 0,
      "BetterPPP": 0,
      "PossG": 0.081081081081081,
      "PPG": 0,
      "FGAG": 0.054054054054054,
      "FGMG": 0,
      "FGmG": 0.054054054054054,
      "FGm": 4,
      "FG": 0,
      "aFG": 0,
      "FT": 16.666666666667,
      "TO": 16.666666666667,
      "SF": 0,
      "PlusOne": 0,
      "Score": 0,
      "name": "Defensive",
      "season": 2016,
      "seasonType": "Reg"
    },
    {
      "PlayerIDSID": 202718,
      "PlayerFirstName": "Chandler",
      "PlayerLastName": "Parsons",
      "PlayerNumber": 25,
      "P": "F",
      "TeamIDSID": 1610612763,
      "TeamName": "Memphis Grizzlies",
      "TeamNameAbbreviation": "MEM",
      "TeamShortName": "Memphis",
      "GP": 34,
      "Poss": 41,
      "Time": 23.295499801636,
      "Points": 36,
      "FGA": 28,
      "FGM": 14,
      "PPP": 0.87804901599884,
      "WorsePPP": 146,
      "BetterPPP": 213,
      "PossG": 1.2058823529412,
      "PPG": 1.0588235294118,
      "FGAG": 0.82352941176471,
      "FGMG": 0.41176470588235,
      "FGmG": 0.41176470588235,
      "FGm": 14,
      "FG": 50,
      "aFG": 55.357142857143,
      "FT": 12.19512195122,
      "TO": 21.951219512195,
      "SF": 12.19512195122,
      "PlusOne": 2.4390243902439,
      "Score": 41.463414634146,
      "name": "Defensive",
      "season": 2016,
      "seasonType": "Reg"
    },
    {
      "PlayerIDSID": 2571,
      "PlayerFirstName": "Leandro",
      "PlayerLastName": "Barbosa",
      "PlayerNumber": 19,
      "P": "G",
      "TeamIDSID": 1610612756,
      "TeamName": "Phoenix Suns",
      "TeamNameAbbreviation": "PHX",
      "TeamShortName": "Phoenix",
      "GP": 67,
      "Poss": 101,
      "Time": 39.453098297119,
      "Points": 80,
      "FGA": 74,
      "FGM": 30,
      "PPP": 0.79207897186279,
      "WorsePPP": 248,
      "BetterPPP": 111,
      "PossG": 1.5074626865672,
      "PPG": 1.1940298507463,
      "FGAG": 1.1044776119403,
      "FGMG": 0.44776119402985,
      "FGmG": 0.65671641791045,
      "FGm": 44,
      "FG": 40.540540540541,
      "aFG": 43.918918918919,
      "FT": 10.891089108911,
      "TO": 17.821782178218,
      "SF": 10.891089108911,
      "PlusOne": 1.980198019802,
      "Score": 37.623762376238,
      "name": "Defensive",
      "season": 2016,
      "seasonType": "Reg"
    },
    {
      "PlayerIDSID": 1627848,
      "PlayerFirstName": "Shawn",
      "PlayerLastName": "Long",
      "PlayerNumber": 36,
      "P": "F",
      "TeamIDSID": 1610612755,
      "TeamName": "Philadelphia 76ers",
      "TeamNameAbbreviation": "PHI",
      "TeamShortName": "Philadelphia",
      "GP": 18,
      "Poss": 1,
      "Time": 0.72463798522949,
      "Points": 0,
      "FGA": 1,
      "FGM": 0,
      "PPP": 0,
      "WorsePPP": 0,
      "BetterPPP": 0,
      "PossG": 0.055555555555556,
      "PPG": 0,
      "FGAG": 0.055555555555556,
      "FGMG": 0,
      "FGmG": 0.055555555555556,
      "FGm": 1,
      "FG": 0,
      "aFG": 0,
      "FT": 0,
      "TO": 0,
      "SF": 0,
      "PlusOne": 0,
      "Score": 0,
      "name": "Offensive",
      "season": 2016,
      "seasonType": "Reg"
    },
    {
      "PlayerIDSID": 2563,
      "PlayerFirstName": "Dahntay",
      "PlayerLastName": "Jones",
      "PlayerNumber": 30,
      "P": "F",
      "TeamIDSID": 1610612739,
      "TeamName": "Cleveland Cavaliers",
      "TeamNameAbbreviation": "CLE",
      "TeamShortName": "Cleveland",
      "GP": 1,
      "Poss": 4,
      "Time": 100,
      "Points": 2,
      "FGA": 4,
      "FGM": 1,
      "PPP": 0.5,
      "WorsePPP": 0,
      "BetterPPP": 0,
      "PossG": 4,
      "PPG": 2,
      "FGAG": 4,
      "FGMG": 1,
      "FGmG": 3,
      "FGm": 3,
      "FG": 25,
      "aFG": 25,
      "FT": 0,
      "TO": 0,
      "SF": 0,
      "PlusOne": 0,
      "Score": 25,
      "name": "Defensive",
      "season": 2016,
      "seasonType": "Reg"
    },
    {
      "PlayerIDSID": 1627816,
      "PlayerFirstName": "Alex",
      "PlayerLastName": "Poythress",
      "PlayerNumber": 5,
      "P": "",
      "TeamIDSID": 1610612755,
      "TeamName": "Philadelphia 76ers",
      "TeamNameAbbreviation": "PHI",
      "TeamShortName": "Philadelphia",
      "GP": 6,
      "Poss": 1,
      "Time": 1.6393400430679,
      "Points": 2,
      "FGA": 1,
      "FGM": 1,
      "PPP": 2,
      "WorsePPP": 0,
      "BetterPPP": 0,
      "PossG": 0.16666666666667,
      "PPG": 0.33333333333333,
      "FGAG": 0.16666666666667,
      "FGMG": 0.16666666666667,
      "FGmG": 0,
      "FGm": 0,
      "FG": 100,
      "aFG": 100,
      "FT": 0,
      "TO": 0,
      "SF": 0,
      "PlusOne": 0,
      "Score": 100,
      "name": "Offensive",
      "season": 2016,
      "seasonType": "Reg"
    },
    {
      "PlayerIDSID": 203148,
      "PlayerFirstName": "Brian",
      "PlayerLastName": "Roberts",
      "PlayerNumber": 22,
      "P": "G",