{
  "result_count": 721,
  "results": [
    {
      "PlayerIDSID": 101112,
      "PlayerFirstName": "Channing",
      "PlayerLastName": "Frye",
      "PlayerNumber": 8,
      "P": "F-C",
      "TeamIDSID": 1610612739,
      "TeamName": "Cleveland Cavaliers",
      "TeamNameAbbreviation": "CLE",
      "TeamShortName": "Cleveland",
      "GP": 74,
      "Poss": 47,
      "Time": 7.7557802200317,
      "Points": 45,
      "FGA": 33,
      "FGM": 15,
      "PPP": 0.95744699239731,
      "WorsePPP": 140,
      "BetterPPP": 50,
      "PossG": 0.63513513513514,
      "PPG": 0.60810810810811,
      "FGAG": 0.44594594594595,
      "FGMG": 0.2027027027027,
      "FGmG": 0.24324324324324,
      "FGm": 18,
      "FG": 45.454545454545,
      "aFG": 45.454545454545,
      "FT": 19.148936170213,
      "TO": 14.893617021277,
      "SF": 17.021276595745,
      "PlusOne": 4.2553191489362,
      "Score": 46.808510638298,
      "name": "Offensive",
      "season": 2016,
      "seasonType": "Reg"
    },
    {
      "PlayerIDSID": 202718,
      "PlayerFirstName": "Chandler",
      "PlayerLastName": "Parsons",
      "PlayerNumber": 25,
      "P": "F",
      "TeamIDSID": 1610612763,
      "TeamName": "Memphis Grizzlies",
      "TeamNameAbbreviation": "MEM",
      "TeamShortName": "Memphis",
      "GP": 34,
      "Poss": 17,
      "Time": 6.4150900840759,
      "Points": 16,
      "FGA": 16,
      "FGM": 7,
      "PPP": 0.94117599725723,
      "WorsePPP": 134,
      "BetterPPP": 56,
      "PossG": 0.5,
      "PPG": 0.47058823529412,
      "FGAG": 0.47058823529412,
      "FGMG": 0.20588235294118,
      "FGmG": 0.26470588235294,
      "FGm": 9,
      "FG": 43.75,
      "aFG": 43.75,
      "FT": 5.8823529411765,
      "TO": 0,
      "SF": 5.8823529411765,
      "PlusOne": 0,
      "Score": 47.058823529412,
      "name": "Offensive",
      "season": 2016,
      "seasonType": "Reg"
    },
    {
      "PlayerIDSID": 2571,
      "PlayerFirstName": "Leandro",
      "PlayerLastName": "Barbosa",
      "PlayerNumber": 19,
      "P": "G",
      "TeamIDSID": 1610612756,
      "TeamName": "Phoenix Suns",
      "TeamNameAbbreviation": "PHX",
      "TeamShortName": "Phoenix",
      "GP": 67,
      "Poss": 1,
      "Time": 0.21786500513554,
      "Points": 0,
      "FGA": 1,
      "FGM": 0,
      "PPP": 0,
      "WorsePPP": 0,
      "BetterPPP": 0,
      "PossG": 0.014925373134328,
      "PPG": 0,
      "FGAG": 0.014925373134328,
      "FGMG": 0,
      "FGmG": 0.014925373134328,
      "FGm": 1,
      "FG": 0,
      "aFG": 0,
      "FT": 0,
      "TO": 0,
      "SF": 0,
      "PlusOne": 0,
      "Score": 0,
      "name": "Offensive",
      "season": 2016,
      "seasonType": "Reg"
    },
    {
      "PlayerIDSID": 2571,
      "PlayerFirstName": "Leandro",
      "PlayerLastName": "Barbosa",
      "PlayerNumber": 19,
      "P": "G",
      "TeamIDSID": 1610612756,
      "TeamName": "Phoenix Suns",
      "TeamNameAbbreviation": "PHX",
      "TeamShortName": "Phoenix",
      "GP": 67,
      "Poss": 16,
      "Time": 6.25,
      "Points": 10,
      "FGA": 11,
      "FGM": 3,
      "PPP": 0.625,
      "WorsePPP": 356,
      "BetterPPP": 23,
      "PossG": 0.23880597014925,
      "PPG": 0.14925373134328,
      "FGAG": 0.16417910447761,
      "FGMG": 0.044776119402985,
      "FGmG": 0.11940298507463,
      "FGm": 8,
      "FG": 27.272727272727,
      "aFG": 27.272727272727,
      "FT": 18.75,
      "TO": 18.75,
      "SF": 18.75,
      "PlusOne": 6.25,
      "Score": 31.25,
      "name": "Defensive",
      "season": 2016,
      "seasonType": "Reg"
    },
    {
      "PlayerIDSID": 202718,
      "PlayerFirstName": "Chandler",
      "PlayerLastName": "Parsons",
      "PlayerNumber": 25,
      "P": "F",
      "TeamIDSID": 1610612763,
      "TeamName": "Memphis Grizzlies",
      "TeamNameAbbreviation": "MEM",
      "TeamShortName": "Memphis",
      "GP": 34,
      "Poss": 16,
      "Time": 9.0909099578857,
      "Points": 13,
      "FGA": 9,
      "FGM": 5,
      "PPP": 0.8125,
      "WorsePPP": 263,
      "BetterPPP": 116,
      "PossG": 0.47058823529412,
      "PPG": 0.38235294117647,
      "FGAG": 0.26470588235294,
      "FGMG": 0.14705882352941,
      "FGmG": 0.11764705882353,
      "FGm": 4,
      "FG": 55.555555555556,
      "aFG": 55.555555555556,
      "FT": 12.5,
      "TO": 31.25,
      "SF": 6.25,
      "PlusOne": 0,
      "Score": 43.75,
      "name": "Defensive",
      "season": 2016,
      "seasonType": "Reg"
    },
    {
      "PlayerIDSID": 101112,
      "PlayerFirstName": "Channing",
      "PlayerLastName": "Frye",
      "PlayerNumber": 8,
      "P": "F-C",
      "TeamIDSID": 1610612739,
      "TeamName": "Cleveland Cavaliers",
      "TeamNameAbbreviation": "CLE",
      "TeamShortName": "Cleveland",
      "GP": 74,
      "Poss": 98,
      "Time": 13.841799736023,
      "Points": 86,
      "FGA": 70,
      "FGM": 35,
      "PPP": 0.87755101919174,
      "WorsePPP": 193,
      "BetterPPP": 186,
      "PossG": 1.3243243243243,
      "PPG": 1.1621621621622,
      "FGAG": 0.94594594594595,
      "FGMG": 0.47297297297297,
      "FGmG": 0.47297297297297,
      "FGm": 35,
      "FG": 50,
      "aFG": 50,
      "FT": 13.265306122449,
      "TO": 16.326530612245,
      "SF": 12.244897959184,
      "PlusOne": 1.0204081632653,
      "Score": 45.918367346939,
      "name": "Defensive",
      "season": 2016,
      "seasonType": "Reg"
    },
    {
      "PlayerIDSID": 204002,
      "PlayerFirstName": "Edy",
      "PlayerLastName": "Tavares",
      "PlayerNumber": 40,
      "P": "",
      "TeamIDSID": 1610612739,
      "TeamName": "Cleveland Cavaliers",
      "TeamNameAbbreviation": "CLE",
      "TeamShortName": "Cleveland",
      "GP": 1,
      "Poss": 2,
      "Time": 33.333301544189,
      "Points": 4,
      "FGA": 2,
      "FGM": 2,
      "PPP": 2,
      "WorsePPP": 0,
      "BetterPPP": 0,
      "PossG": 2,
      "PPG": 4,
      "FGAG": 2,
      "FGMG": 2,
      "FGmG": 0,
      "FGm": 0,
      "FG": 100,
      "aFG": 100,
      "FT": 50,
      "TO": 0,
      "SF": 50,
      "PlusOne": 50,
      "Score": 100,
      "name": "Offensive",
      "season": 2016,
      "seasonType": "Reg"
    },
    {
      "PlayerIDSID": 1626254,
      "PlayerFirstName": "Maurice",
      "PlayerLastName": "Ndour",
      "PlayerNumber": 2,
      "P": "F",
      "TeamIDSID": 1610612752,
      "TeamName": "New York Knicks",
      "TeamNameAbbreviation": "NYK",
      "TeamShortName": "NewYork",
      "GP": 33,
      "Poss": 9,
      "Time": 8.1081104278564,
      "Points": 4,
      "FGA": 8,
      "FGM": 1,
      "PPP": 0.44444400072098,
      "WorsePPP": 0,
      "BetterPPP": 0,
      "PossG": 0.27272727272727,
      "PPG": 0.12121212121212,
      "FGAG": 0.24242424242424,
      "FGMG": 0.03030303030303,
      "FGmG": 0.21212121212121,
      "FGm": 7,
      "FG": 12.5,
      "aFG": 12.5,
      "FT": 22.222222222222,
      "TO": 0,
      "SF": 22.222222222222,
      "PlusOne": 11.111111111111,
      "Score": 22.222222222222,
      "name": "Offensive",
      "season": 2016,
      "seasonType": "Reg"
    },
    {
      "PlayerIDSID": 2399,
      "PlayerFirstName": "Mike",
      "PlayerLastName": "Dunleavy",
      "PlayerNumber": 34,
      "P": "G-F",
      "TeamIDSID": 1610612737,
      "TeamName": "Atlanta Hawks",
      "TeamNameAbbreviation": "ATL",
      "TeamShortName": "Atlanta",
      "GP": 30,
      "Poss": 1,
      "Time": 0.64516097307205,
      "Points": 0,
      "FGA": 1,
      "FGM": 0,
      "PPP": 0,
      "WorsePPP": 0,
      "BetterPPP": 0,
      "PossG": 0.033333333333333,
      "PPG": 0,
      "FGAG": 0.033333333333333,
      "FGMG": 0,
      "FGmG": 0.033333333333333,
      "FGm": 1,
      "FG": 0,
      "aFG": 0,
      "FT": 0,
      "TO": 0,
      "SF": 0,
      "PlusOne": 0,
      "Score": 0,
      "name": "Offensive",
      "season": 2016,
      "seasonType": "Reg"
    },
    {
      "PlayerIDSID": 1627827,
      "PlayerFirstName": "Dorian",
      "PlayerLastName": "Finney-Smith",