{
  "result_count": 779,
  "results": [
    {
      "PlayerIDSID": 2571,
      "PlayerFirstName": "Leandro",
      "PlayerLastName": "Barbosa",
      "PlayerNumber": 19,
      "P": "G",
      "TeamIDSID": 1610612756,
      "TeamName": "Phoenix Suns",
      "TeamNameAbbreviation": "PHX",
      "TeamShortName": "Phoenix",
      "GP": 67,
      "Poss": 22,
      "Time": 4.7930297851562,
      "Points": 20,
      "FGA": 19,
      "FGM": 8,
      "PPP": 0.90909099578857,
      "WorsePPP": 120,
      "BetterPPP": 116,
      "PossG": 0.32835820895522,
      "PPG": 0.29850746268657,
      "FGAG": 0.28358208955224,
      "FGMG": 0.11940298507463,
      "FGmG": 0.16417910447761,
      "FGm": 11,
      "FG": 42.105263157895,
      "aFG": 47.368421052632,
      "FT": 4.5454545454545,
      "TO": 9.0909090909091,
      "SF": 4.5454545454545,
      "PlusOne": 0,
      "Score": 40.909090909091,
      "name": "Offensive",
      "season": 2016,
      "seasonType": "Reg"
    },
    {
      "PlayerIDSID": 101112,
      "PlayerFirstName": "Channing",
      "PlayerLastName": "Frye",
      "PlayerNumber": 8,
      "P": "F-C",
      "TeamIDSID": 1610612739,
      "TeamName": "Cleveland Cavaliers",
      "TeamNameAbbreviation": "CLE",
      "TeamShortName": "Cleveland",
      "GP": 74,
      "Poss": 5,
      "Time": 0.82508200407028,
      "Points": 6,
      "FGA": 5,
      "FGM": 2,
      "PPP": 1.2000000476837,
      "WorsePPP": 0,
      "BetterPPP": 0,
      "PossG": 0.067567567567568,
      "PPG": 0.081081081081081,
      "FGAG": 0.067567567567568,
      "FGMG": 0.027027027027027,
      "FGmG": 0.040540540540541,
      "FGm": 3,
      "FG": 40,
      "aFG": 60,
      "FT": 0,
      "TO": 0,
      "SF": 0,
      "PlusOne": 0,
      "Score": 40,
      "name": "Offensive",
      "season": 2016,
      "seasonType": "Reg"
    },
    {
      "PlayerIDSID": 202718,
      "PlayerFirstName": "Chandler",
      "PlayerLastName": "Parsons",
      "PlayerNumber": 25,
      "P": "F",
      "TeamIDSID": 1610612763,
      "TeamName": "Memphis Grizzlies",
      "TeamNameAbbreviation": "MEM",
      "TeamShortName": "Memphis",
      "GP": 34,
      "Poss": 16,
      "Time": 6.0377402305603,
      "Points": 5,
      "FGA": 13,
      "FGM": 2,
      "PPP": 0.3125,
      "WorsePPP": 2,
      "BetterPPP": 238,
      "PossG": 0.47058823529412,
      "PPG": 0.14705882352941,
      "FGAG": 0.38235294117647,
      "FGMG": 0.058823529411765,
      "FGmG": 0.32352941176471,
      "FGm": 11,
      "FG": 15.384615384615,
      "aFG": 19.230769230769,
      "FT": 0,
      "TO": 18.75,
      "SF": 0,
      "PlusOne": 0,
      "Score": 12.5,
      "name": "Offensive",
      "season": 2016,
      "seasonType": "Reg"
    },
    {
      "PlayerIDSID": 101112,
      "PlayerFirstName": "Channing",
      "PlayerLastName": "Frye",
      "PlayerNumber": 8,
      "P": "F-C",
      "TeamIDSID": 1610612739,
      "TeamName": "Cleveland Cavaliers",
      "TeamNameAbbreviation": "CLE",
      "TeamShortName": "Cleveland",
      "GP": 74,
      "Poss": 1,
      "Time": 0.14124299585819,
      "Points": 2,
      "FGA": 1,
      "FGM": 1,
      "PPP": 2,
      "WorsePPP": 0,
      "BetterPPP": 0,
      "PossG": 0.013513513513514,
      "PPG": 0.027027027027027,
      "FGAG": 0.013513513513514,
      "FGMG": 0.013513513513514,
      "FGmG": 0,
      "FGm": 0,
      "FG": 100,
      "aFG": 100,
      "FT": 0,
      "TO": 0,
      "SF": 0,
      "PlusOne": 0,
      "Score": 100,
      "name": "Defensive",
      "season": 2016,
      "seasonType": "Reg"
    },
    {
      "PlayerIDSID": 202718,
      "PlayerFirstName": "Chandler",
      "PlayerLastName": "Parsons",
      "PlayerNumber": 25,
      "P": "F",
      "TeamIDSID": 1610612763,
      "TeamName": "Memphis Grizzlies",
      "TeamNameAbbreviation": "MEM",
      "TeamShortName": "Memphis",
      "GP": 34,
      "Poss": 17,
      "Time": 9.6590900421143,
      "Points": 20,
      "FGA": 14,
      "FGM": 8,
      "PPP": 1.176470041275,
      "WorsePPP": 29,
      "BetterPPP": 256,
      "PossG": 0.5,
      "PPG": 0.58823529411765,
      "FGAG": 0.41176470588235,
      "FGMG": 0.23529411764706,
      "FGmG": 0.17647058823529,
      "FGm": 6,
      "FG": 57.142857142857,
      "aFG": 71.428571428571,
      "FT": 0,
      "TO": 17.647058823529,
      "SF": 0,
      "PlusOne": 0,
      "Score": 47.058823529412,
      "name": "Defensive",
      "season": 2016,
      "seasonType": "Reg"
    },
    {
      "PlayerIDSID": 2571,
      "PlayerFirstName": "Leandro",
      "PlayerLastName": "Barbosa",
      "PlayerNumber": 19,
      "P": "G",
      "TeamIDSID": 1610612756,
      "TeamName": "Phoenix Suns",
      "TeamNameAbbreviation": "PHX",
      "TeamShortName": "Phoenix",
      "GP": 67,
      "Poss": 26,
      "Time": 10.156200408936,
      "Points": 30,
      "FGA": 22,
      "FGM": 10,
      "PPP": 1.1538499593735,
      "WorsePPP": 39,
      "BetterPPP": 246,
      "PossG": 0.38805970149254,
      "PPG": 0.44776119402985,
      "FGAG": 0.32835820895522,
      "FGMG": 0.14925373134328,
      "FGmG": 0.17910447761194,
      "FGm": 12,
      "FG": 45.454545454545,
      "aFG": 61.363636363636,
      "FT": 7.6923076923077,
      "TO": 11.538461538462,
      "SF": 3.8461538461538,
      "PlusOne": 3.8461538461538,
      "Score": 42.307692307692,
      "name": "Defensive",
      "season": 2016,
      "seasonType": "Reg"
    },
    {
      "PlayerIDSID": 1627816,
      "PlayerFirstName": "Alex",
      "PlayerLastName": "Poythress",
      "PlayerNumber": 5,
      "P": "",
      "TeamIDSID": 1610612755,
      "TeamName": "Philadelphia 76ers",
      "TeamNameAbbreviation": "PHI",
      "TeamShortName": "Philadelphia",
      "GP": 6,
      "Poss": 1,
      "Time": 1.6393400430679,
      "Points": 0,
      "FGA": 1,
      "FGM": 0,
      "PPP": 0,
      "WorsePPP": 0,
      "BetterPPP": 0,
      "PossG": 0.16666666666667,
      "PPG": 0,
      "FGAG": 0.16666666666667,
      "FGMG": 0,
      "FGmG": 0.16666666666667,
      "FGm": 1,
      "FG": 0,
      "aFG": 0,
      "FT": 0,
      "TO": 0,
      "SF": 0,
      "PlusOne": 0,
      "Score": 0,
      "name": "Offensive",
      "season": 2016,
      "seasonType": "Reg"
    },
    {
      "PlayerIDSID": 203080,
      "PlayerFirstName": "Thomas",
      "PlayerLastName": "Robinson",
      "PlayerNumber": 15,
      "P": "F",
      "TeamIDSID": 1610612747,
      "TeamName": "Los Angeles Lakers",
      "TeamNameAbbreviation": "LAL",
      "TeamShortName": "LALakers",
      "GP": 48,
      "Poss": 1,
      "Time": 0.36900401115417,
      "Points": 0,
      "FGA": 1,
      "FGM": 0,
      "PPP": 0,
      "WorsePPP": 0,
      "BetterPPP": 0,
      "PossG": 0.020833333333333,
      "PPG": 0,
      "FGAG": 0.020833333333333,
      "FGMG": 0,
      "FGmG": 0.020833333333333,
      "FGm": 1,
      "FG": 0,
      "aFG": 0,
      "FT": 0,
      "TO": 0,
      "SF": 0,
      "PlusOne": 0,
      "Score": 0,
      "name": "Offensive",
      "season": 2016,
      "seasonType": "Reg"
    },
    {
      "PlayerIDSID": 203962,
      "PlayerFirstName": "Josh",
      "PlayerLastName": "Huestis",
      "PlayerNumber": 34,
      "P": "F",
      "TeamIDSID": 1610612760,
      "TeamName": "Oklahoma City Thunder",
      "TeamNameAbbreviation": "OKC",
      "TeamShortName": "OklahomaCity",
      "GP": 2,
      "Poss": 1,
      "Time": 9.0909099578857,
      "Points": 0,
      "FGA": 1,
      "FGM": 0,
      "PPP": 0,
      "WorsePPP": 0,
      "BetterPPP": 0,
      "PossG": 0.5,
      "PPG": 0,
      "FGAG": 0.5,
      "FGMG": 0,
      "FGmG": 0.5,
      "FGm": 1,
      "FG": 0,
      "aFG": 0,
      "FT": 0,
      "TO": 0,
      "SF": 0,
      "PlusOne": 0,
      "Score": 0,
      "name": "Offensive",
      "season": 2016,
      "seasonType": "Reg"
    },
    {
      "PlayerIDSID": 203962,
      "PlayerFirstName": "Josh",
      "PlayerLastName": "Huestis",
      "PlayerNumber": 34,
      "P": "F",
      "TeamIDSID": 1610612760,