{
  "result_count": 446,
  "results": [
    {
      "PlayerIDSID": 2571,
      "PlayerFirstName": "Leandro",
      "PlayerLastName": "Barbosa",
      "PlayerNumber": 19,
      "P": "G",
      "TeamIDSID": 1610612756,
      "TeamName": "Phoenix Suns",
      "TeamNameAbbreviation": "PHX",
      "TeamShortName": "Phoenix",
      "GP": 67,
      "Poss": 13,
      "Time": 2.8322401046753,
      "Points": 12,
      "FGA": 7,
      "FGM": 3,
      "PPP": 0.92307698726654,
      "WorsePPP": 347,
      "BetterPPP": 24,
      "PossG": 0.19402985074627,
      "PPG": 0.17910447761194,
      "FGAG": 0.1044776119403,
      "FGMG": 0.044776119402985,
      "FGmG": 0.059701492537313,
      "FGm": 4,
      "FG": 42.857142857143,
      "aFG": 42.857142857143,
      "FT": 23.076923076923,
      "TO": 23.076923076923,
      "SF": 7.6923076923077,
      "PlusOne": 0,
      "Score": 46.153846153846,
      "name": "Offensive",
      "season": 2016,
      "seasonType": "Reg"
    },
    {
      "PlayerIDSID": 202718,
      "PlayerFirstName": "Chandler",
      "PlayerLastName": "Parsons",
      "PlayerNumber": 25,
      "P": "F",
      "TeamIDSID": 1610612763,
      "TeamName": "Memphis Grizzlies",
      "TeamNameAbbreviation": "MEM",
      "TeamShortName": "Memphis",
      "GP": 34,
      "Poss": 10,
      "Time": 3.7735800743103,
      "Points": 4,
      "FGA": 3,
      "FGM": 1,
      "PPP": 0.40000000596046,
      "WorsePPP": 128,
      "BetterPPP": 240,
      "PossG": 0.29411764705882,
      "PPG": 0.11764705882353,
      "FGAG": 0.088235294117647,
      "FGMG": 0.029411764705882,
      "FGmG": 0.058823529411765,
      "FGm": 2,
      "FG": 33.333333333333,
      "aFG": 50,
      "FT": 20,
      "TO": 50,
      "SF": 0,
      "PlusOne": 0,
      "Score": 20,
      "name": "Offensive",
      "season": 2016,
      "seasonType": "Reg"
    },
    {
      "PlayerIDSID": 204002,
      "PlayerFirstName": "Edy",
      "PlayerLastName": "Tavares",
      "PlayerNumber": 40,
      "P": "",
      "TeamIDSID": 1610612739,
      "TeamName": "Cleveland Cavaliers",
      "TeamNameAbbreviation": "CLE",
      "TeamShortName": "Cleveland",
      "GP": 1,
      "Poss": 1,
      "Time": 16.666700363159,
      "Points": 0,
      "FGA": 0,
      "FGM": 0,
      "PPP": 0,
      "WorsePPP": 0,
      "BetterPPP": 0,
      "PossG": 1,
      "PPG": 0,
      "FGAG": 0,
      "FGMG": 0,
      "FGmG": 0,
      "FGm": 0,
      "FG": 0,
      "aFG": 0,
      "FT": 0,
      "TO": 100,
      "SF": 0,
      "PlusOne": 0,
      "Score": 0,
      "name": "Offensive",
      "season": 2016,
      "seasonType": "Reg"
    },
    {
      "PlayerIDSID": 2563,
      "PlayerFirstName": "Dahntay",
      "PlayerLastName": "Jones",
      "PlayerNumber": 30,
      "P": "F",
      "TeamIDSID": 1610612739,
      "TeamName": "Cleveland Cavaliers",
      "TeamNameAbbreviation": "CLE",
      "TeamShortName": "Cleveland",
      "GP": 1,
      "Poss": 1,
      "Time": 10,
      "Points": 0,
      "FGA": 0,
      "FGM": 0,
      "PPP": 0,
      "WorsePPP": 0,
      "BetterPPP": 0,
      "PossG": 1,
      "PPG": 0,
      "FGAG": 0,
      "FGMG": 0,
      "FGmG": 0,
      "FGm": 0,
      "FG": 0,
      "aFG": 0,
      "FT": 0,
      "TO": 100,
      "SF": 0,
      "PlusOne": 0,
      "Score": 0,
      "name": "Offensive",
      "season": 2016,
      "seasonType": "Reg"
    },
    {
      "PlayerIDSID": 203148,
      "PlayerFirstName": "Brian",
      "PlayerLastName": "Roberts",
      "PlayerNumber": 22,
      "P": "G",
      "TeamIDSID": 1610612766,
      "TeamName": "Charlotte Hornets",
      "TeamNameAbbreviation": "CHA",
      "TeamShortName": "Charlotte",
      "GP": 41,
      "Poss": 6,
      "Time": 3.6363599300385,
      "Points": 2,
      "FGA": 4,
      "FGM": 1,
      "PPP": 0.33333298563957,
      "WorsePPP": 0,
      "BetterPPP": 0,
      "PossG": 0.14634146341463,
      "PPG": 0.048780487804878,
      "FGAG": 0.097560975609756,
      "FGMG": 0.024390243902439,
      "FGmG": 0.073170731707317,
      "FGm": 3,
      "FG": 25,
      "aFG": 25,
      "FT": 0,
      "TO": 33.333333333333,
      "SF": 0,
      "PlusOne": 0,
      "Score": 16.666666666667,
      "name": "Offensive",
      "season": 2016,
      "seasonType": "Reg"
    },
    {
      "PlayerIDSID": 1627778,
      "PlayerFirstName": "Chinanu",
      "PlayerLastName": "Onuaku",
      "PlayerNumber": 21,
      "P": "F",
      "TeamIDSID": 1610612745,
      "TeamName": "Houston Rockets",
      "TeamNameAbbreviation": "HOU",
      "TeamShortName": "Houston",
      "GP": 5,
      "Poss": 1,
      "Time": 7.6923098564148,
      "Points": 0,
      "FGA": 0,
      "FGM": 0,
      "PPP": 0,
      "WorsePPP": 0,
      "BetterPPP": 0,
      "PossG": 0.2,
      "PPG": 0,
      "FGAG": 0,
      "FGMG": 0,
      "FGmG": 0,
      "FGm": 0,
      "FG": 0,
      "aFG": 0,
      "FT": 0,
      "TO": 100,
      "SF": 0,
      "PlusOne": 0,
      "Score": 0,
      "name": "Offensive",
      "season": 2016,
      "seasonType": "Reg"
    },
    {
      "PlayerIDSID": 1627784,
      "PlayerFirstName": "Jarrod",
      "PlayerLastName": "Uthoff",
      "PlayerNumber": 19,
      "P": "F",
      "TeamIDSID": 1610612742,
      "TeamName": "Dallas Mavericks",
      "TeamNameAbbreviation": "DAL",
      "TeamShortName": "Dallas",
      "GP": 9,
      "Poss": 3,
      "Time": 6.8181800842285,
      "Points": 2,
      "FGA": 0,
      "FGM": 0,
      "PPP": 0.66666698455811,
      "WorsePPP": 0,
      "BetterPPP": 0,
      "PossG": 0.33333333333333,
      "PPG": 0.22222222222222,
      "FGAG": 0,
      "FGMG": 0,
      "FGmG": 0,
      "FGm": 0,
      "FG": 0,
      "aFG": 0,
      "FT": 66.666666666667,
      "TO": 33.333333333333,
      "SF": 0,
      "PlusOne": 0,
      "Score": 66.666666666667,
      "name": "Offensive",
      "season": 2016,
      "seasonType": "Reg"
    },
    {
      "PlayerIDSID": 202407,
      "PlayerFirstName": "Elijah",
      "PlayerLastName": "Millsap",
      "PlayerNumber": 22,
      "P": "",
      "TeamIDSID": 1610612756,
      "TeamName": "Phoenix Suns",
      "TeamNameAbbreviation": "PHX",
      "TeamShortName": "Phoenix",
      "GP": 2,
      "Poss": 1,
      "Time": 10,
      "Points": 0,
      "FGA": 0,
      "FGM": 0,
      "PPP": 0,
      "WorsePPP": 0,
      "BetterPPP": 0,
      "PossG": 0.5,
      "PPG": 0,
      "FGAG": 0,
      "FGMG": 0,
      "FGmG": 0,
      "FGm": 0,
      "FG": 0,
      "aFG": 0,
      "FT": 0,
      "TO": 100,
      "SF": 0,
      "PlusOne": 0,
      "Score": 0,
      "name": "Offensive",
      "season": 2016,
      "seasonType": "Reg"
    },
    {
      "PlayerIDSID": 1627875,
      "PlayerFirstName": "Marcus",
      "PlayerLastName": "Georges-Hunt",
      "PlayerNumber": 13,
      "P": "",
      "TeamIDSID": 1610612753,
      "TeamName": "Orlando Magic",
      "TeamNameAbbreviation": "ORL",
      "TeamShortName": "Orlando",
      "GP": 2,
      "Poss": 2,
      "Time": 28.571399688721,
      "Points": 3,
      "FGA": 0,
      "FGM": 0,
      "PPP": 1.5,
      "WorsePPP": 0,
      "BetterPPP": 0,
      "PossG": 1,
      "PPG": 1.5,
      "FGAG": 0,
      "FGMG": 0,
      "FGmG": 0,
      "FGm": 0,
      "FG": 0,
      "aFG": 0,
      "FT": 100,
      "TO": 0,
      "SF": 0,
      "PlusOne": 0,
      "Score": 100,
      "name": "Offensive",
      "season": 2016,
      "seasonType": "Reg"
    },
    {
      "PlayerIDSID": 1627782,
      "PlayerFirstName": "Wayne",
      "PlayerLastName": "Selden",
      "PlayerNumber": 7,
      "P": "G",
      "TeamIDSID": 1610612763,
      "TeamName": "Memphis Grizzlies",
      "TeamNameAbbreviation": "MEM",
      "TeamShortName": "Memphis",
      "GP": 11,
      "Poss": 6,
      "Time": 9.0909099578857,
      "Points": 3,
      "FGA": 0,
      "FGM": 0,
      "PPP": 0.5,
      "WorsePPP": 0,
      "BetterPPP": 0,
      "PossG": 0.54545454545455,
      "PPG": 0.27272727272727,
      "FGAG": 0,
      "FGMG": 0,
      "FGmG": 0,
      "FGm": 0,
      "FG": 0,
      "aFG": 0,